PAIS,MONEDA,CODIGO ALFANUM,CODIGO NUM
afghanistan,afghani,AFN,971
aland islands,euro,EUR,978
albania,lek,ALL,8
algeria,algerian dinar,DZD,12
american samoa,us dollar,USD,840
andorra,euro,EUR,978
angola,kwanza,AOA,973
anguilla,east caribbean dollar,XCD,951
antigua and barbuda,east caribbean dollar,XCD,951
argentina,argentine peso,ARS,32
armenia,armenian dram,AMD,51
aruba,aruban florin,AWG,533
australia,australian dollar,AUD,36
austria,euro,EUR,978
azerbaijan,azerbaijan manat,AZN,944
bahamas (the),bahamian dollar,BSD,44
bahrain,bahraini dinar,BHD,48
bangladesh,taka,BDT,50
barbados,barbados dollar,BBD,52
belarus,belarusian ruble,BYN,933
belgium,euro,EUR,978
belize,belize dollar,BZD,84
benin,cfa franc bceao,XOF,952
bermuda,bermudian dollar,BMD,60
bhutan,indian rupee,INR,356
bolivia (plurinational state of),boliviano,BOB,68
bonaire sint eustatius and saba,us dollar,USD,840
bosnia and herzegovina,convertible mark,BAM,977
botswana,pula,BWP,72
bouvet island,norwegian krone,NOK,578
brazil,brazilian real,BRL,986
british indian ocean territory (the),us dollar,USD,840
brunei darussalam,brunei dollar,BND,96
bulgaria,bulgarian lev,BGN,975
burkina faso,cfa franc bceao,XOF,952
burundi,burundi franc,BIF,108
cabo verde,cabo verde escudo,CVE,132
cambodia,riel,KHR,116
cameroon,cfa franc beac,XAF,950
canada,canadian dollar,CAD,124
cayman islands (the),cayman islands dollar,KYD,136
central african republic (the),cfa franc beac,XAF,950
chad,cfa franc beac,XAF,950
chile,chilean peso,CLP,152
china,yuan renminbi,CNY,156
christmas island,australian dollar,AUD,36
cocos (keeling) islands (the),australian dollar,AUD,36
colombia,colombian peso,COP,170
comoros (the),comorian franc,KMF,174
congo (the democratic republic of the),congolese franc,CDF,976
congo (the),cfa franc beac,XAF,950
cook islands (the),new zealand dollar,NZD,554
costa rica,costa rican colon,CRC,188
cote d ivoire,cfa franc bceao,XOF,952
croatia,kuna,HRK,191
cuba,cuban peso,CUP,192
curacao,netherlands antillean guilder,ANG,532
cyprus,euro,EUR,978
czechia,czech koruna,CZK,203
denmark,danish krone,DKK,208
djibouti,djibouti franc,DJF,262
dominica,east caribbean dollar,XCD,951
dominican republic (the),dominican peso,DOP,214
ecuador,us dollar,USD,840
egypt,egyptian pound,EGP,818
el salvador,el salvador colon,SVC,222
equatorial guinea,cfa franc beac,XAF,950
eritrea,nakfa,ERN,232
estonia,euro,EUR,978
eswatini,lilangeni,SZL,748
ethiopia,ethiopian birr,ETB,230
falkland islands (the) malvinas,falkland islands pound,FKP,238
faroe islands (the),danish krone,DKK,208
fiji,fiji dollar,FJD,242
finland,euro,EUR,978
france,euro,EUR,978
french guiana,euro,EUR,978
french polynesia,cfp franc,XPF,953
french southern territories (the),euro,EUR,978
gabon,cfa franc beac,XAF,950
gambia (the),dalasi,GMD,270
georgia,lari,GEL,981
germany,euro,EUR,978
ghana,ghana cedi,GHS,936
gibraltar,gibraltar pound,GIP,292
greece,euro,EUR,978
greenland,danish krone,DKK,208
grenada,east caribbean dollar,XCD,951
guadeloupe,euro,EUR,978
guam,us dollar,USD,840
guatemala,quetzal,GTQ,320
guernsey,pound sterling,GBP,826
guinea,guinean franc,GNF,324
guinea-bissau,cfa franc bceao,XOF,952
guyana,guyana dollar,GYD,328
haiti,gourde,HTG,332
heard island and mcdonald islands,australian dollar,AUD,36
holy see (the),euro,EUR,978
honduras,lempira,HNL,340
hong kong,hong kong dollar,HKD,344
hungary,forint,HUF,348
iceland,iceland krona,ISK,352
india,indian rupee,INR,356
indonesia,rupiah,IDR,360
iran (islamic republic of),iranian rial,IRR,364
iraq,iraqi dinar,IQD,368
ireland,euro,EUR,978
isle of man,pound sterling,GBP,826
israel,new israeli sheqel,ILS,376
italy,euro,EUR,978
jamaica,jamaican dollar,JMD,388
japan,yen,JPY,392
jersey,pound sterling,GBP,826
jordan,jordanian dinar,JOD,400
kazakhstan,tenge,KZT,398
kenya,kenyan shilling,KES,404
kiribati,australian dollar,AUD,36
korea (the democratic peoples republic of),north korean won,KPW,408
korea (the republic of),won,KRW,410
kuwait,kuwaiti dinar,KWD,414
kyrgyzstan,som,KGS,417
lao peoples democratic republic (the),lao kip,LAK,418
latvia,euro,EUR,978
lebanon,lebanese pound,LBP,422
lesotho,loti,LSL,426
liberia,liberian dollar,LRD,430
libya,libyan dinar,LYD,434
liechtenstein,swiss franc,CHF,756
lithuania,euro,EUR,978
luxembourg,euro,EUR,978
macao,pataca,MOP,446
north macedonia,denar,MKD,807
madagascar,malagasy ariary,MGA,969
malawi,malawi kwacha,MWK,454
malaysia,malaysian ringgit,MYR,458
maldives,rufiyaa,MVR,462
mali,cfa franc bceao,XOF,952
malta,euro,EUR,978
marshall islands (the),us dollar,USD,840
martinique,euro,EUR,978
mauritania,ouguiya,MRU,929
mauritius,mauritius rupee,MUR,480
mayotte,euro,EUR,978
member countries of the african development bank group,adb unit of account,XUA,965
mexico,mexican peso,MXN,484
micronesia (federated states of),us dollar,USD,840
moldova (the republic of),moldovan leu,MDL,498
monaco,euro,EUR,978
mongolia,tugrik,MNT,496
montenegro,euro,EUR,978
montserrat,east caribbean dollar,XCD,951
morocco,moroccan dirham,MAD,504
mozambique,mozambique metical,MZN,943
myanmar,kyat,MMK,104
namibia,namibia dollar,NAD,516
nauru,australian dollar,AUD,36
nepal,nepalese rupee,NPR,524
netherlands (the),euro,EUR,978
new caledonia,cfp franc,XPF,953
new zealand,new zealand dollar,NZD,554
nicaragua,cordoba oro,NIO,558
niger (the),cfa franc bceao,XOF,952
nigeria,naira,NGN,566
niue,new zealand dollar,NZD,554
norfolk island,australian dollar,AUD,36
northern mariana islands (the),us dollar,USD,840
norway,norwegian krone,NOK,578
oman,rial omani,OMR,512
pakistan,pakistan rupee,PKR,586
palau,us dollar,USD,840
panama,balboa,PAB,590
papua new guinea,kina,PGK,598
paraguay,guarani,PYG,600
peru,sol,PEN,604
philippines (the),philippine peso,PHP,608
pitcairn,new zealand dollar,NZD,554
poland,zloty,PLN,985
portugal,euro,EUR,978
puerto rico,us dollar,USD,840
qatar,qatari rial,QAR,634
reunion,euro,EUR,978
romania,romanian leu,RON,946
russian federation (the),russian ruble,RUB,643
rwanda,rwanda franc,RWF,646
saint barthelemy,euro,EUR,978
saint helena ascension and tristan da cunha,saint helena pound,SHP,654
saint kitts and nevis,east caribbean dollar,XCD,951
saint lucia,east caribbean dollar,XCD,951
saint martin (french part),euro,EUR,978
saint pierre and miquelon,euro,EUR,978
saint vincent and the grenadines,east caribbean dollar,XCD,951
samoa,tala,WST,882
san marino,euro,EUR,978
sao tome and principe,dobra,STN,930
saudi arabia,saudi riyal,SAR,682
senegal,cfa franc bceao,XOF,952
serbia,serbian dinar,RSD,941
seychelles,seychelles rupee,SCR,690
sierra leone,leone,SLL,694
singapore,singapore dollar,SGD,702
sint maarten (dutch part),netherlands antillean guilder,ANG,532
"sistema unitario de compensacion regional de pagos ""sucre""",sucre,XSU,994
slovakia,euro,EUR,978
slovenia,euro,EUR,978
solomon islands,solomon islands dollar,SBD,90
somalia,somali shilling,SOS,706
south africa,rand,ZAR,710
south sudan,south sudanese pound,SSP,728
spain,euro,EUR,978
sri lanka,sri lanka rupee,LKR,144
sudan (the),sudanese pound,SDG,938
suriname,surinam dollar,SRD,968
svalbard and jan mayen,norwegian krone,NOK,578
sweden,swedish krona,SEK,752
switzerland,swiss franc,CHF,756
syrian arab republic,syrian pound,SYP,760
taiwan (province of china),new taiwan dollar,TWD,901
tajikistan,somoni,TJS,972
tanzania,tanzanian shilling,TZS,834
thailand,baht,THB,764
timor-leste,us dollar,USD,840
togo,cfa franc bceao,XOF,952
tokelau,new zealand dollar,NZD,554
tonga,paanga,TOP,776
trinidad and tobago,trinidad and tobago dollar,TTD,780
tunisia,tunisian dinar,TND,788
turkey,turkish lira,TRY,949
turkmenistan,turkmenistan new manat,TMT,934
turks and caicos islands (the),us dollar,USD,840
tuvalu,australian dollar,AUD,36
uganda,uganda shilling,UGX,800
ukraine,hryvnia,UAH,980
united arab emirates (the),uae dirham,AED,784
united kingdom of great britain and northern ireland (the),pound sterling,GBP,826
united states minor outlying islands (the),us dollar,USD,840
united states of america (the),us dollar,USD,840
uruguay,peso uruguayo,UYU,858
uzbekistan,uzbekistan sum,UZS,860
vanuatu,vatu,VUV,548
venezuela (bolivarian republic of),bolivar soberano,VES,928
viet nam,dong,VND,704
virgin islands (british),us dollar,USD,840
virgin islands (u.s.),us dollar,USD,840
wallis and futuna,cfp franc,XPF,953
western sahara,moroccan dirham,MAD,504
yemen,yemeni rial,YER,886
zambia,zambian kwacha,ZMW,967
zimbabwe,zimbabwe dollar,ZWL,932